{
    "Total per month": [
        1693,
        730,
        870,
        752,
        924,
        601,
        54,
        104,
        996,
        908,
        1192,
        2356
    ],
    "Relative total per month": [
        15.143112701252235,
        6.529516994633274,
        7.78175313059034,
        6.726296958855098,
        8.264758497316636,
        5.375670840787119,
        0.48300536672629696,
        0.9302325581395349,
        8.908765652951699,
        8.121645796064401,
        10.661896243291592,
        21.073345259391772
    ]
}